,Unnamed: 0,Japan,France,Germany,UK,US,Italy,Canada
0,1978M02,0.46224961479195553,0.7356822985230281,0.2971677148976411,0.580475587376722,0.6400000000001823,1.0458908543760093,0.8547008547008482
1,1978M03,0.9202453987729845,0.8867815079101334,0.29630995756813794,0.6295997596491645,0.7949125596185775,1.2738670246465542,0.847457627118626
2,1978M04,1.063829787234143,1.0858530047758241,0.443129187738459,1.4598596363737943,0.7886435331228197,0.9434001485607246,0.2801120448179213
3,1978M05,0.6015037593984817,0.9718668645239258,0.1470655872387814,0.5652179737349314,0.9389671361503374,0.934583288429248,1.3966480446930547
4,1978M06,-0.44843049327353174,0.7598728383138225,0.2936767313699263,0.7665126803391433,1.085271317829515,0.8487405587812207,0.8264462809917156
5,1978M07,0.30030030030029303,1.2066345818933266,-0.14639717495205923,0.4563739225725454,0.7668711656439693,0.6121138800210285,1.3661202185792136
6,1978M08,0.2994011976047832,0.5961072626152942,-0.1466342900789764,0.6562509869428277,0.45662100456642524,0.5323159766511026,0.26954177897573484
7,1978M09,1.0447761194029392,0.6419842646479503,-0.14684962197985882,0.40118027008826923,0.7575757575755574,1.5884921325433141,-0.2688172043010689
8,1978M10,0.29542097488921015,0.932286571912307,0.1470655872387814,0.4495786556480624,0.9022556390978433,0.8935257284879341,1.3477088948786853
9,1978M11,-1.0309278350515019,0.5347488685129557,0.2936767313699263,0.6961521293973317,0.4470938897167159,1.0332038034182394,0.5319148936170087
10,1978M12,-0.14880952380952023,0.4835886424298068,0.292839243242011,0.8395110890647298,0.4451038575669754,0.5113189350242497,0.2645502645502583
11,1979M01,0.14903129657227657,0.9143405538435126,1.0218775528473585,1.4691263881037266,0.8862629246674265,1.6714920765063483,0.5277044854881362
12,1979M02,-0.29761904761904046,0.6676220119912687,0.28903065949328854,0.8204682590673004,1.1713030746705866,1.501126143863012,1.3123359580052185
13,1979M03,0.8955223880596799,0.9000472021011668,0.5763732687926688,0.8137913592694619,1.0130246020260933,1.3380282564360073,1.0362694300517894
14,1979M04,1.3313609467455099,0.9859017906193881,0.4297971927443584,1.7094263952271844,1.1461318051576075,1.2508429500586777,0.7692307692307728
15,1979M05,0.7299270072993931,1.0692750734050989,0.2852979378722398,0.7936147339808921,1.2747875354107505,1.0981313075403125,1.0178117048345823
16,1979M06,0.1449275362318606,0.8279419638446263,0.5689944166971668,1.7137880225211757,1.118881118881133,0.8146674852232015,0.5037783375314747
17,1979M07,0.8683068017365924,1.3230208117211066,0.5657751874696092,4.326023249501299,1.106500691562946,0.875449372614552,0.751879699248124
18,1979M08,-1.0043041606886218,1.0355434986775784,0.14065343579924972,0.7856944814775988,0.957592339261348,1.2015775485863558,0.248756218905467
19,1979M09,1.3043478260869044,0.8467024259417671,0.4213461069303958,0.9961102438774072,1.0840108401084136,2.5725848696033458,0.9925558312654863
20,1979M10,1.287553648068619,1.1931161910217436,0.13984511542372177,1.0291742199682004,0.8042895442359914,1.8649072987692306,0.7371007371007207
21,1979M11,-0.4237288135593121,0.6550171392120826,0.5586635242243528,0.8913354171853359,0.9308510638295578,1.3889043452714351,0.9756097560975594
22,1979M12,0.5673758865248092,0.7809173702192344,0.2777692605141694,0.7151547143989196,1.054018445322807,1.8057408542627298,0.48309178743960285
23,1980M01,0.9873060648802249,1.9371363214164532,0.5540209143904417,2.4645243016924985,1.4341590612779034,3.1804234526982333,0.4807692307692201
24,1980M02,0.8379888268156025,1.0615985957023444,1.2396631386891648,1.4268032706166203,1.413881748071893,1.7190394736981232,1.1961722488038213
25,1980M03,0.5540166204986016,1.155468908961544,0.4081820806210532,1.366567571192219,1.520912547528388,1.048929677745021,0.7092198581560129
26,1980M04,1.790633608815497,1.2460925416102553,0.5420095297785918,3.4099835995534606,1.1235955056182367,1.614753585898911,0.7042253521126607
27,1980M05,0.8119079837618016,0.8205227225862514,0.5390669616622729,0.9202586853163953,0.987654320987397,1.0215959266217929,1.1655011655011598
28,1980M06,0.5369127516778393,0.7120797272460366,0.2681088563881326,0.9498341009258381,1.1002444987777598,0.8988636082295821,1.1520737327188693
29,1980M07,0.0,1.4141449671716526,0.13369597743791375,0.8280025640019235,0.0,1.7817611300566674,0.6833712984057352
30,1980M08,-0.2670226969292325,0.9960416300855229,0.13349700122999072,0.22396739839077306,0.7255139056829892,1.2034657499242507,1.1312217194569865
31,1980M09,1.7402945113787878,0.8875644390402705,0.0,0.6331508380577902,0.8403361344538363,2.0000285854491517,0.6711409395972996
32,1980M10,0.13157894736841794,1.0752485142598867,0.13333946576316194,0.6291672602762962,0.9523809523809639,1.6957892524342792,0.8888888888888863
33,1980M11,0.2628120893561041,0.6770106078411482,0.6657687135045885,0.8091219406654221,0.8254716981132426,2.0844126735671025,1.3215859030836694
34,1980M12,-0.3931847968545123,0.9605870777046576,0.7936670491998575,0.5472375157281386,0.935672514619894,-0.221313492654405,0.4347826086956421
35,1981M01,1.0526315789473435,1.141783707974483,0.9186169521424344,0.6168396207526934,0.8111239860950694,1.8674133795068784,1.515151515151498
36,1981M02,-0.13020833333333026,0.9407323518306963,0.7802500659894984,0.9015688382009958,1.0344827586206589,1.9248526205177892,1.0660980810234473
37,1981M03,0.39113428943936496,0.9319650550503391,0.7741895154056398,1.501062426979534,0.6825938566551173,1.4388398601762973,1.2658227848100976
38,1981M04,0.7792207792208677,1.3850520587752027,0.5121677882952173,2.887324374602206,0.6779661016949898,1.329808412715443,0.6250000000000031
39,1981M05,0.9020618556700811,0.9107453681622508,0.5095384663459273,0.6502240618886809,0.7856341189674858,1.5747772002074631,0.8281573498964616
40,1981M06,0.127713920817366,0.9927855894468756,0.3802456469655862,0.5780380978043482,0.8908685968819706,1.1197200762204664,1.6427104722792412
41,1981M07,-0.2551020408163204,1.6979345338022904,0.6313033792819288,0.43949736142944185,1.1037527593818646,0.5962561939478688,0.8080808080807901
42,1981M08,-0.5115089514066372,1.2302313700393717,0.2509333296400556,0.7404922439593963,0.7641921397380239,0.9314262090693035,0.8016032064128079
43,1981M09,1.5424164524421042,1.1284681017179725,0.5006296486114222,0.5679952502543711,0.9750812567713861,1.4261782013751176,0.7952286282306154
44,1981M10,0.37974683544302895,1.287563369924289,0.49813583294118313,0.8970083075463706,0.21459227467805184,1.736944257926111,0.9861932938855801
45,1981M11,-0.1261034047919264,0.8474562594110786,0.49566673930093114,1.0536673351395198,0.32119914346910206,1.7886414436658888,0.7812499999999992
46,1981M12,0.12626262626262325,0.5882366389351107,0.24660154898668518,0.6190794247899232,0.3201707577373788,1.0383345605831706,0.38759689922479784
47,1982M01,0.0,1.0860444290902607,0.8610105120634839,0.5829099743873614,0.31914893617013207,1.4229399000395446,0.7722007722009792
48,1982M02,-0.1261034047919264,0.9917249827099257,0.12195682844191649,0.032200875270678796,0.31813361611890334,1.4808923370983083,1.1494252873563104
49,1982M03,0.12626262626262325,1.227505236310701,0.0,0.8690039232708071,-0.10570824524309128,0.844865010022194,1.3257575757575601
50,1982M04,0.7566204287516621,1.1317730436558033,0.365406151140532,2.0101978007353583,0.423280423280305,0.8377500616072372,0.5607476635513887
51,1982M05,0.3754693366708293,0.7993592425736372,0.7281515915758059,0.7194303266423502,0.9483667017913484,1.1329486684269945,1.3011152416356728
52,1982M06,0.0,0.7137116739462991,1.0843502792194437,0.27949363536030697,1.252609603340429,1.0455633346654718,1.100917431192635
53,1982M07,-0.6234413965088156,0.31496444198617624,0.11917670495599729,0.03097427412956484,0.5154639175256371,1.256470275815284,0.5444646098003656
54,1982M08,0.7528230865747405,0.31397553070790896,-0.11903484315217898,0.030964683043996685,0.20512820512814806,1.824799249874807,0.3610108303249015
55,1982M09,1.4943960149439066,0.391225046577445,0.3575483878984927,-0.06191019579185334,0.20470829068593796,1.5053864690733236,0.5395683453237288
56,1982M10,0.36809815950919367,0.5455975809648594,0.4750630586077326,0.4955345645720346,0.3064351378957344,1.6948875077077437,0.7155635062611645
57,1982M11,-0.9779951100244098,0.9302438386556618,0.236417501056527,0.493064349543609,-0.20366598777998404,1.388922425588696,0.5328596802841945
58,1982M12,-0.1234567901234538,0.844838102298753,0.2358418079096327,-0.18399526328775023,-0.40816326530624575,0.890407356652276,0.0
59,1983M01,0.12360939431396487,0.9901162425684982,0.47059184260582926,0.12288072134164411,0.20491803278706644,1.2219758948928243,-0.17667844522967802
60,1983M02,-0.3703703703703614,0.6787257903490018,0.0,0.4295680163133384,0.10224948875251973,1.341381492731463,0.5309734513274217
61,1983M03,0.6195786864931526,0.9737792453210652,0.0,0.18332070929314984,0.0,0.9265450194127799,1.0563380281689903
62,1983M04,0.36945812807880885,1.261127731187054,0.23418484823121652,1.4028781554027474,0.7150153217569405,1.0491738282574405,0.0
63,1983M05,1.104294478527699,0.6593536253685489,0.23365561426299808,0.4210412427548834,0.6085192697767061,0.8436048335464769,0.17421602787457502
64,1983M06,-0.6067961165049558,0.5822288047331892,0.34964853782124994,0.23960482769783178,0.3024193548388521,0.5791722966881869,1.0434782608695419
65,1983M07,-0.4884004884004768,0.8682976283630994,0.34843025652397513,0.5378027428328632,0.40201005025115955,0.8317305241303089,0.5163511187607459
66,1983M08,-0.24539877300612908,0.5738950919147469,0.3472204354699753,0.4457586690145482,0.3003003003002244,0.5075957031632373,0.5136986301369892
67,1983M09,1.2300123001229717,0.784598102317861,0.230691113158028,0.44378047905773754,0.49900199600806966,1.3257666412905167,0.0
68,1983M10,0.8505467800729839,0.7784900838927103,0.0,0.35346605330960323,0.2979145978152176,1.495332895638938,0.6814310051107175
69,1983M11,-0.6024096385542022,0.4213438334953056,0.2301425119352536,0.3522210713896538,0.1980198019803578,1.104954358969702,0.0
70,1983M12,-0.24242424242433622,0.3496593299529918,0.22961407234157352,0.26322591401561696,0.0988142292489919,0.42504742052554895,0.16920473773265282
71,1984M01,0.24301336573520968,0.6968629885122543,0.3436408615818639,-0.05835234474011009,0.5923000987165177,1.2091602215397703,0.6756756756756749
72,1984M02,0.6060606060605911,0.6228307252614249,0.3424640152891166,0.4086541753894525,0.4906771344456344,1.1947430612932617,0.5033557046979756
73,1984M03,0.24096385542168086,0.6877568539928514,0.11377088117754378,0.3197678090133013,0.1953124999999456,0.7083995910788338,0.1669449081804903
74,1984M04,0.2403846153846095,0.6147475866590248,0.11364159013889676,1.33293247410474,0.48732943469793927,0.7620134093297368,0.33333333333313236
75,1984M05,0.7194244604316207,0.5431158961227595,0.11351259262379282,0.3717567263342081,0.2909796314257266,0.6399152248581856,0.0
76,1984M06,-0.7142857142856808,0.4726547287516033,0.3401342807311106,0.25640155994744057,0.29013539651851183,0.5780345207228035,0.6644518272427168
77,1984M07,0.2398081534772124,0.6720419786267905,-0.11299953746932184,-0.11366206684706333,0.3857280617163821,0.22986279006576102,0.33003300330032226
78,1984M08,-0.8373205741626591,0.5340336823514954,-0.2262373989064335,0.9388347097651483,0.384245917387244,0.5160744008877733,0.0
79,1984M09,1.5681544028949994,0.46482665331313594,0.11336650546446546,0.19730116690803273,0.4784688995214048,0.7986362301505364,0.16447368421052247
80,1984M10,0.7125890736341872,0.6609374749948528,0.5662601067029474,0.6188473961136384,0.28571428571442015,0.9620850697253762,0.3284072249589414
81,1984M11,-0.5896226415094199,0.3282899555206059,0.11260051953004789,0.3075206147400037,0.0,0.7847314523309935,0.49099836333877744
82,1984M12,0.23724792408065862,0.19633300442015034,0.11249111866839213,-0.08362534392822554,0.0,0.611798870785585,0.0
83,1985M01,0.3550295857988081,0.522540628573577,0.5618063657721167,0.36263130569078483,0.1899335232668035,1.1024328752230812,0.48859934853420406
84,1985M02,-0.47169811320753596,0.5198243352246483,0.4469307619612414,0.7675385369263543,0.4739336492889746,1.2487084761724034,0.6482982171798877
85,1985M03,0.4739336492890882,0.7110402040546199,0.33368531702754295,0.9793357332195168,0.3773584905661521,0.8221966762671675,0.1610305958132008
86,1985M04,0.589622641509517,0.7060375790873014,0.11086985157581736,2.155160751167394,0.4699248120299514,0.7135520307624731,0.48231511254019516
87,1985M05,0.1172332942555657,0.5098850703861958,0.0,0.42194798662213767,0.37418147801693713,0.7084965393183026,0.3199999999999926
88,1985M06,0.0,0.38046519780244603,0.0,0.21007596513480964,0.27958993476227784,0.6030322991809648,0.47846889952152016
89,1985M07,0.23419203747072023,0.3790231466380467,0.0,-0.20963557118537607,0.1858736059479181,0.19980587244723327,0.4761904761904653
90,1985M08,-0.23364485981307836,0.12587540936897026,-0.3322242214683695,0.31513708382169675,0.18552875695747809,0.19938214557053552,0.0
91,1985M09,0.11709601873536012,0.12570006265343495,0.11111622146931291,-0.10473107223997491,0.2777777777777074,0.5970319588587529,0.1579778830963629
92,1985M10,0.9356725146198601,0.31386417902518754,0.1109758747432765,0.2096355711851839,0.36934441366584075,0.9891226377540148,0.3154574132492172
93,1985M11,-0.8111239860949977,0.18774972219750585,0.11086985157581736,0.31381856904630484,0.27598896044151233,0.7835428903180712,0.31446540880502427
94,1985M12,0.11682242990653918,0.12491492921180812,0.11074706646760017,0.10427128724752606,0.27522935779809554,0.5830822549169244,0.47021943573666647
95,1986M01,0.3500583430571676,0.06238802910179643,0.33185669990818745,0.20834829429019006,0.2744739249772564,0.48308100947849,0.4680187207488194
96,1986M02,-0.11627906976743901,-0.24937956169730452,-0.11025865229546626,0.41578442218791617,-0.2737226277373548,0.38462636418050083,0.46583850931677256
97,1986M03,0.0,0.2500030181281425,-0.3311241468492488,0.10351570337791438,-0.4574565416284252,0.4789408225531669,0.30911901081915844
98,1986M04,0.23282887077997103,0.37406086197830674,0.0,1.0341321462442832,-0.18382352941191274,0.19063897559534007,0.0
99,1986M05,0.3484320557491204,0.2484502067123297,0.0,0.10235022262312984,0.2762430939227678,0.4757509464922586,0.6163328197226364
100,1986M06,-0.5787037037036896,0.3097804348152167,0.0,0.0,0.5509641873278834,0.1893993095888337,0.15313935681469795
101,1986M07,-0.23282887077997103,0.12354294688588416,-0.3322242214683695,-0.3067367221511699,0.0,0.0,0.7645259938837877
102,1986M08,-0.23337222870477842,0.12337372336045646,-0.333331629880637,0.3076804912045895,0.1826484018264471,0.2835379161809681,0.15174506828527734
103,1986M09,0.46783625730993006,0.36968186305984563,0.11148784572256745,0.5112503913032853,0.45578851412932375,0.2827601678144781,0.0
104,1986M10,0.11641443538998551,0.24555240021083158,-0.334073993770301,0.2034510040464197,0.09074410163336158,0.46991429978499955,0.6060606060605926
105,1986M11,-0.46511627906975606,0.12248378864079051,-0.11173697291299689,0.8121964074361129,0.09066183136917216,0.4677401705132618,0.45180722891566516
106,1986M12,-0.23364485981307836,0.12231730983788709,0.11186196408550705,0.3021032106119755,0.09057971014490925,0.3724264113480555,0.14992503748125607
107,1987M01,-0.3512880562061928,0.9163172475914065,0.5586506051834808,0.4016131753711556,0.6334841628959541,0.5566021236374901,0.2994011976047838
108,1987M02,0.0,0.18159612902343533,0.11111622146931291,0.4000066957787255,0.3597122302157268,0.5534978041503921,0.4477611940298409
109,1987M03,0.3525264394830657,0.1208391573444435,0.0,0.1991955395994666,0.4480286738352159,0.27523717468787773,0.2971768202080173
110,1987M04,0.9367681498828809,0.5431609530946693,0.2219687651067067,1.1928629213679294,0.5352363960747836,0.36595238277658193,0.5925925925927635
111,1987M05,0.23201856148491315,0.1800701076435616,0.0,0.09820640784373592,0.3549245785271706,0.45580148197353215,0.5891016200292706
112,1987M06,-0.23148148148147588,0.1797464380392527,0.11074706646760017,0.0,0.3536693191864619,0.36296366057484325,0.292825768667806
113,1987M07,-0.4640371229698263,0.23922105900300877,0.0,-0.09811005748055085,0.26431718061686454,0.18083697095092888,0.5839416058394146
114,1987M08,0.11655011655011371,0.23866639006493354,-0.11062455302033723,0.2946841319301417,0.5272407732863338,0.3609981806954663,0.1451378809869342
115,1987M09,0.8149010477298827,0.05952858092515847,-0.11074706646760017,0.2938182960352262,0.5244755244755819,0.629514358664108,0.0
116,1987M10,0.0,0.23795647773918222,0.11086985157581736,0.48828406470172137,0.2608695652173254,0.8042896658257036,0.28985507246376135
117,1987M11,-0.46189376443415314,0.11868772164126375,0.0,0.4859114365884757,0.0867302688639908,0.3545974847267314,0.4335260115606836
118,1987M12,-0.11600928074245657,0.059281573767794735,0.11074706646760017,-0.0967080906754629,0.0,0.17668347498425732,0.14388489208633953
119,1988M01,-0.23228803716608026,0.1777232375188984,0.4424812529285247,0.0,0.2599653379548734,0.529093188649537,0.1436781609195369
120,1988M02,-0.23282887077997103,0.17740794237993326,0.22025754852761292,0.21321961620463956,0.25929127052716,0.4386089873774405,0.43041606886656103
121,1988M03,0.3500583430571676,0.29516697997080704,0.0,0.4255319148937057,0.4310344827586945,0.4366714483933748,0.5714285714285583
122,1988M04,0.5813953488371792,0.47085487581787455,0.21979032818103622,1.2711864406778635,0.5150214592273376,0.2608769906407281,0.28409090909091433
123,1988M05,0.0,0.23433208025782126,0.21929149934031364,0.41841004184109143,0.34158838599497987,0.3469089167672738,0.566572237960327
124,1988M06,-0.11560693641616633,0.2922342860668731,0.10941421878281875,0.4166666666665664,0.4255319148936897,0.345731550986776,0.281690140845064
125,1988M07,-0.23148148148147588,0.34964663557453207,0.0,0.0,0.4237288135592102,0.17227018311742287,0.561797752808976
126,1988M08,0.3480278422273538,0.29035170663384247,-0.10929463491185841,0.6224066390041862,0.4219409282701144,0.42991298974767045,0.13966480446928214
127,1988M09,0.693641618497093,0.23161833683761848,0.10941421878281875,0.4123711340207176,0.672268907563033,0.5137132499826176,0.13947001394699823
128,1988M10,0.5740528128587693,0.23108310599080986,0.1092778796405396,0.6160164271045743,0.3338898163605208,0.6814286853658509,0.5571030640668397
129,1988M11,-0.4566210045661992,0.11528301179700995,0.3275092542953915,0.61224489795922,0.0831946755407358,0.6768166624803595,0.1385041551246506
130,1988M12,-0.22935779816513213,0.17270973221763655,0.21763787666442938,0.0,0.16625103906914118,0.4201586597911066,0.0
131,1989M01,-0.22988505747125887,0.4022997851065083,0.8686276791302097,0.40567951318466866,0.49792531120318045,0.6694538813228867,0.5532503457814651
132,1989M02,-0.3456221198156599,0.2861966861731358,0.3229096890893673,0.40404040404030683,0.41288191577215994,0.8312577728053862,0.6877579092159405
133,1989M03,0.5780346820809109,0.2853954665926783,0.10730107929456535,0.6036217303823423,0.5756578947368792,0.5770771146646453,0.5464480874316817
134,1989M04,1.7241379310345362,0.626055341917274,0.6430835408835252,0.9999999999999389,0.6541291905151342,0.49179649338379433,0.2717391304347878
135,1989M05,0.5649717514124156,0.3959285679002941,0.1065011759538912,0.7920792079207798,0.5686433793663925,0.48941038942552084,1.084010840108388
136,1989M06,-0.112359550561795,0.11268508855325832,0.10638787161954408,0.1964636542241102,0.24232633279476895,0.40583509468455303,0.4021447721179535
137,1989M07,-0.11248593925759005,0.2813803205859164,-0.10627480811312476,0.0,0.24174053182910887,0.16168609758030458,0.6675567423230827
138,1989M08,-0.11261261261260985,0.16833310229390563,0.0,0.19607843137250178,0.1607717041800196,0.24213764346387237,0.1326259946949573
139,1989M09,0.789177001127361,0.22409235964392762,0.10638787161954408,0.7827788649706329,0.32102728731951957,0.48308507588911054,0.1324503311258249
140,1989M10,0.7829977628635157,0.447182617209034,0.31880813201852004,0.776699029126201,0.48000000000005216,0.8012845276794235,0.3968253968255414
141,1989M11,-0.9988901220865466,0.16694313895789706,0.21185790368028973,0.3853564547206967,0.23885350318464055,0.556434446491368,0.26350461133069214
142,1989M12,0.11210762331838293,0.11110489747248747,0.31712312538716714,0.19193857965447658,0.15885623510719604,0.39526817556601523,0.0
143,1990M01,0.44792833146695443,0.2774766249458304,0.5268784929085002,0.38314176245201503,1.0309278350516222,0.9448687373724673,0.7884362680683346
144,1990M02,0.11148272017836969,0.2107798855766296,0.41929041232543746,0.954198473282556,0.4709576138148077,0.78003364067024,0.6518904823989419
145,1990M03,0.3340757238307269,0.2403846153846167,0.0,0.37807183364830216,0.5468749999998533,0.3870079249718666,0.38860103626942105
146,1990M04,0.8879023307436883,0.5545563549160021,0.20876185257621885,2.4482109227872937,0.15540015540028077,0.3854963833302119,0.0
147,1990M05,0.4400440044004292,0.14905351021017138,0.20832694538563756,1.102941176470499,0.2327385570208875,0.3072089145348964,0.5161290322580526
148,1990M06,-0.32858707557501937,-0.014883167137909456,0.10395489157726842,0.3636363636364393,0.5417956656347099,0.4594311920866362,0.38510911424904964
149,1990M07,-0.21978021978021436,0.029770765108668464,0.0,0.0,0.3849114703617154,0.3048673760187909,0.3836317135549784
150,1990M08,0.4405286343612226,0.6547619047619183,0.311524892698437,0.9057971014492197,0.920245398773095,0.6839100938490881,0.1273885350318442
151,1990M09,0.7675438596490889,0.7096392667060948,0.3105574290008274,0.897666068222578,0.8358662613981258,0.5282977097202933,0.25445292620864557
152,1990M10,1.0881392818280478,0.44039929536112477,0.7224116588318996,0.8896797153025968,0.60286360211003,0.8258111662533324,0.8883248730964263
153,1990M11,-0.2152852529601671,-0.16077170418013154,-0.20492743187569776,0.35273368606693445,0.22471910112370125,0.5956983054868674,0.6289308176100487
154,1990M12,-0.10787486515641596,-0.07319572536957235,0.1026741233820967,0.17574692442879156,0.0,0.22204525050070553,-0.12499999999999718
155,1991M01,0.6479481641469416,0.5566949897450904,0.615381422166905,0.0,0.597907324364568,0.6253605254309997,2.628285356695831
156,1991M02,-0.21459227467819458,0.2622377622376313,0.4373184904785004,0.3508771929825293,0.14858841010414325,0.7736904280999276,0.0
157,1991M03,0.43010752688179865,0.18889857599542234,0.0,0.5244755244755551,0.14836795252221377,0.5758220531141197,0.36585365853659746
158,1991M04,0.6423982869378856,0.30456852791871764,0.4354143430460403,2.086956521739107,0.14814814814810687,0.38167742551944966,0.0
159,1991M05,0.42553191489360664,0.31810294968189423,0.2890126395583303,0.8517887563883744,0.29585798816577,0.38022618799413294,0.48602673147021996
160,1991M06,-0.3177966101694838,0.24502738541372612,0.5763749750904722,0.5067567567567757,0.29498525073738074,0.4734869898671371,0.48367593712211737
161,1991M07,-0.10626992561104946,0.25880661394680726,1.1461285044420235,-0.33613445378158247,0.14705882352937083,0.3770008944491172,0.12033694344163393
162,1991M08,0.21276595744680332,0.11472823748745228,0.0,1.011804384485726,0.2936857562409113,0.28168418136651313,0.12019230769230503
163,1991M09,0.10615711252653667,0.15757054863206715,0.0,0.33388981636054216,0.43923865300135295,0.46816693818925514,-0.24009603841536084
164,1991M10,1.0604453870625257,0.5148741418763078,1.5580711163403622,0.4991680532446112,0.1457725947523042,0.4659853488491376,-0.12033694344163393
165,1991M11,0.20986358866736118,0.3841775754127023,0.4184107300230034,0.16556291390725567,0.29112081513820115,0.6493607414182633,0.3614457831325221
166,1991M12,-0.418848167539257,-0.3260099220411814,0.13889407971434503,0.3305785123967632,0.07256894049345423,0.27649182318642607,-0.4801920768307217
167,1992M01,-0.21030494216613582,0.1706484641638332,0.5547759878202065,-0.3294892915980916,0.14503263234239397,0.643374625491701,0.4825090470446214
168,1992M02,-0.10537407797681515,0.42589437819420584,0.5517299916732524,0.49586776859506015,0.3620564808109111,0.5479512283484476,0.0
169,1992M03,0.52742616033754,0.32513429460001925,0.4115232994571099,0.4934210526316186,0.5050505050505378,0.4541346560679719,0.3601440576230413
170,1992M04,1.0493179433367914,0.21135691137092477,0.40983672584054387,1.1456628477905362,0.14357501794683725,0.36166179511768065,0.11961722488038015
171,1992M05,0.10384215991702352,0.32339707536565476,0.27210441808301067,0.6472491909385008,0.14336917562721138,0.4504524823290076,0.11947431302269748
172,1992M06,-0.10373443983412195,-0.056061667834627835,0.27136601915584696,0.0,0.3579098067287546,0.2690525956546798,0.23866348448700653
173,1992M07,-0.8307372793353763,-0.0560931145701774,0.2706461240996496,-0.32154340836019546,0.21398002853061643,0.17889858004206796,0.23809523809523256
174,1992M08,0.3141361256544427,-0.05612459660447167,0.0,0.16129032258074077,0.28469750889687245,0.26785146262572324,0.0
175,1992M09,0.5219206680584283,0.28078056998456813,0.0,0.32206119162633157,0.28388928317950285,0.17810205559887066,0.0
176,1992M10,0.10384215991702352,0.27999440011198995,0.0,0.32102728731950964,0.35385704175518057,0.4444464225006766,0.11876484560571761
177,1992M11,-0.20746887966814428,0.09772441714359674,0.4048589439204356,0.0,0.14104372355427347,0.7079609218932451,0.4744958481613175
178,1992M12,0.0,-0.05578800557879153,0.13439920873495143,0.15999999999995124,-0.07042253521124256,0.26361479546069216,0.0
179,1993M01,-0.10395010395010149,0.39073402176946,1.7449741693169467,-0.3194888178914403,0.49330514446795615,0.5258602677015914,0.35419126328216416
180,1993M02,0.10405827263267184,0.34751181540178433,0.7915579970467586,0.4807692307692696,0.35063113604492974,0.3487340321668868,0.35294117647058004
181,1993M03,0.2079002079003028,0.5125363623770005,0.26177584354132377,0.47846889952154914,0.34940600978328695,0.3475221043199758,-0.11723329425556589
182,1993M04,0.7261410788385548,0.12403528114671458,0.26109236679559245,0.6349206349206248,0.2785515320334997,0.43290238171333406,0.0
183,1993M05,0.10298661174037192,0.1376462491396978,0.13021320457939067,0.31545741324929727,0.1388888888888609,0.34482581158404174,0.23474178403755327
184,1993M06,-0.10288065843611238,-0.05498281786940687,0.2600737993388043,0.0,0.13869625520106016,0.6013838943602378,0.0
185,1993M07,0.30895983522110165,0.08251959840461694,0.5188122451981924,-0.3144654088051168,0.0,0.34158660242458433,0.23419203747072057
186,1993M08,0.20533880903470525,0.0,0.0,0.47318611987385495,0.2770083102494021,0.08509364808372662,0.11682242990653936
187,1993M09,0.10245901639334186,0.3160643122165167,-0.12903707740981782,0.4709576138147943,0.20718232044193644,0.2551130274017483,0.0
188,1993M10,-0.10235414534278583,0.17808219178088985,0.0,0.0,0.4135079255686183,0.5088950463585054,0.23337222870477878
189,1993M11,-0.5122950819666953,0.09571995077252135,0.12920379821493685,-0.31250000000006484,0.06863417982152664,0.3375672794405124,0.4656577415599428
190,1993M12,0.10298661174037192,-0.040983606557310655,0.2580603215136501,0.31347962382451666,0.0,0.16819960182764443,-0.23174971031285682
191,1994M01,0.10288065843609827,0.12300123001224793,0.5148059664012193,0.0,0.2743484224964941,0.5037838358749462,0.0
192,1994M02,0.0,0.28665028665033665,0.7682470690042038,0.3124999999999248,0.34199726402195696,0.4177127988011833,-0.8130081300812821
193,1994M03,0.41109969167482574,0.2313869606641653,0.1270559234050965,0.3115264797508437,0.3408316291750871,0.24957872175585252,0.0
194,1994M04,0.20470829068557167,0.27159152634437056,0.12690830126955308,0.7763975155279127,0.13586956521751142,0.16598223897339795,0.0
195,1994M05,0.10214504596615134,0.21668472372697858,0.2534813086238773,0.3081664098612511,0.0678426051560138,0.5799432708934568,-0.23419203747072057
196,1994M06,-0.4081632653066985,-0.04054054054047486,0.12642697947406964,0.0,0.33898305084737884,0.16475172790238712,0.23474178403755327
197,1994M07,-0.4098360655733534,-0.013518994186889437,0.2525211505922798,-0.614439324116616,0.2702702702703417,0.24670527777948403,0.3512880562060809
198,1994M08,0.41152263374443543,-0.013520822065929373,0.251898589753997,0.6182380216382016,0.40431266846365577,0.16406016118485583,0.11668611435238939
199,1994M09,0.30737704918002556,0.3110209601081261,-0.25126565511223314,0.15360983102927694,0.26845637583885124,0.3276144332043862,0.11655011655011388
200,1994M10,0.5107252298268335,0.21569156106767454,-0.12593579259417492,-0.15337423312892515,0.06693440428379879,0.4897854979726838,-0.2328288707799714
201,1994M11,-0.3048780487801874,0.013451708367019267,0.12609459081653812,0.15360983102927694,0.13377926421399922,0.4061756723862153,0.5834305717619469
202,1994M12,-0.3058103975541934,-0.026899798251499685,0.251898589753997,0.46012269938653977,0.0,0.2427133035185321,0.11600928074245674
203,1995M01,0.0,0.25561684380459065,0.37688501431212557,0.0,0.4008016032064567,0.403553082524406,0.34762456546930437
204,1995M02,-0.3067484662573677,0.3086419753086958,0.5006176207204986,0.3053435114503082,0.39920159680643075,0.7234728430261697,0.4618937644341696
205,1995M03,-0.1025641025640016,0.30769230769225314,0.0,0.4566210045662466,0.3313452617628236,0.8779000972711554,0.22988505747125912
206,1995M04,0.3080082135520579,0.12003200853566633,0.12453765662002662,0.6060606060605962,0.33025099075287484,0.3955713800358111,0.3440366972476986
207,1995M05,0.20470829068557167,0.14652990542156025,0.0,0.4518072289156795,0.19749835418033193,0.6304143750624315,0.22857142857142337
208,1995M06,-0.10214504596517054,0.0,0.12436941891070047,0.1499250374812329,0.19710906701717557,0.6264650493366711,0.0
209,1995M07,-0.5112474437622795,-0.1862197392923795,0.24845650259920568,-0.29940119760485273,0.0,0.1556487176590129,0.22805017103762312
210,1995M08,0.10277492291870644,0.4797441364605663,0.0,0.45045045045046755,0.26229508196713996,0.31079869473820504,-0.22753128555175825
211,1995M09,0.6160164271051016,0.35809018567645495,0.0,0.4484304932735787,0.19620667102690725,0.23237306781533018,0.11402508551881156
212,1995M10,-0.30612244898026886,0.10572221488040232,-0.2478407261988755,-0.1488095238094976,0.32637075718008074,0.38640050015970806,-0.11389521640090858
213,1995M11,-0.30706243602835753,0.07920792079207518,0.0,0.0,-0.06506180871827938,0.5388844010681423,0.34207525655643467
214,1995M12,0.0,0.09233610341638085,0.37267143611876385,0.5961251862891301,-0.0651041666666435,0.1531311824780164,-0.22727272727272213
215,1996M01,-0.10266940451735262,0.11860832894048841,0.24753401403423952,-0.14814814814812202,0.5863192182410354,0.4155089579856298,0.22779043280181716
216,1996M02,-0.2055498458373988,0.38172963011709377,0.617280519173095,0.4451038575666679,0.32383419689125703,0.39025719117451724,0.11363636363636107
217,1996M03,0.20597322348072972,0.6425386834514273,0.0,0.29542097488927876,0.5164622336991566,0.3887255000042916,0.4540295119182833
218,1996M04,0.6166495375122385,0.11726384364814113,0.0,0.5891016200294455,0.38535645472051894,0.3872202760500979,0.22598870056496664
219,1996M05,0.20429009193132186,0.2082248828735046,0.12270397035743519,0.43923865300149917,0.19193857965460087,0.3857266641962177,0.3382187147688762
220,1996M06,-0.3058103975541934,-0.11688311688304984,0.12254045398437285,0.1457725947521422,0.06385696040866178,0.19212226529313037,0.0
221,1996M07,-0.10224948875245589,-0.18203094526083088,0.12240359830878321,-0.5822416302765554,0.19144862795145123,-0.09587693171353037,0.0
222,1996M08,-0.10235414534278583,-0.1953888237592099,0.0,0.5856515373352761,0.19108280254786061,0.09596894379223625,0.0
223,1996M09,0.4098360655743513,0.3001827199164002,0.0,0.4366812227074585,0.31786395422751657,0.09587693171339708,0.11235955056179522
224,1996M10,0.20408163265285936,0.26024723487313994,0.0,0.1449275362318399,0.316856780735152,0.09578509590229298,0.22446689113355275
225,1996M11,-0.30549898167073736,-0.090850097339336,-0.1222539550687043,0.14471780028941011,0.18951358180664815,0.3827737434125641,0.4479283314669552
226,1996M12,0.10214504596615134,0.20784619381657696,0.3671976727569489,0.2890173410405227,0.0,0.09532854321968039,0.0
227,1997M01,-0.10204081632740945,0.2203785325383154,0.8536643083493698,-0.2881844380404057,0.3152585119798871,0.2857132633673066,0.2229654403567397
228,1997M02,-0.2042900919303411,0.20695899624872996,0.12092349877522893,0.14450867052031685,0.3142677561281287,0.09498069487045178,0.22246941045605734
229,1997M03,0.10235414534278583,0.07744933522655284,0.0,0.1443001443001188,0.2506265664161257,0.28461466730128415,0.11098779134294981
230,1997M04,2.0449897750510533,0.038694698826319644,-0.1207774504564055,0.4322766570605532,0.12499999999995544,0.09460704309199676,0.0
231,1997M05,0.20040080160398577,0.14182568334198822,0.2418340340536112,0.43041606886645817,-0.06242197253430986,0.2835670729238314,0.11086474501108401
232,1997M06,0.0,-0.025749967812544704,0.12063177009912765,0.14285714285724582,0.12492192379760132,0.0,0.2214839424141884
233,1997M07,-0.40000000000056485,-0.12878300064404136,0.8433662264203038,-0.142653352353883,0.12476606363064802,0.0,0.0
234,1997M08,0.10040160642560414,0.25789813023868763,0.11947878150077372,0.428571428571463,0.18691588785055527,0.09423619531103,0.11049723756905831
235,1997M09,0.7021063189571306,0.18006430868154746,-0.23867240012623378,0.28449502133718585,0.24875621890540325,0.094175776575118,0.0
236,1997M10,0.2988047808761999,-0.051354474258561475,-0.11960888011621462,0.14184397163116247,0.24813895781646186,0.2822049564923007,0.0
237,1997M11,-0.695134061568321,0.16698779704566424,0.0,0.0,-0.06188118811880899,0.37524729709016746,-0.1103752759381874
238,1997M12,-0.2000000000007762,0.051295203898427164,0.23951706785408752,0.14164305949006004,-0.12383900928801585,0.0,-0.11049723756907659
239,1998M01,-0.1002004008014912,-0.3076134324532189,0.0,-0.4243281471003316,0.18598884066964735,0.2803587625842788,0.5530973451327494
240,1998M02,-0.10030090270802591,0.37284649010022664,0.23895756300166626,0.28409090909084067,0.1856435643563886,0.2796029618333162,0.11001100110010757
241,1998M03,0.4016064257033806,0.1665172281286661,-0.1191939585223623,0.283286118980247,0.18529956763427619,0.2788093964438425,0.10989010989010746
242,1998M04,0.1999999999997886,0.20460358056266104,0.11933620006316775,0.5649717514122933,0.184956843403293,0.09267807031275682,-0.10976948408342238
243,1998M05,0.29940119760449513,0.025523226135788005,0.11918118043935039,0.42134831460675753,0.18461538461533789,0.1851845151903172,0.32967032967032234
244,1998M06,-0.39800995024836483,0.0765501403419201,0.11905207085899198,-0.13986013986009738,0.12285012285009815,0.09242110801436708,0.10952902519167336
245,1998M07,-0.5994005994009531,-0.331463539010715,0.3567187686235475,-0.28011204481798546,0.12269938650304286,0.0,0.0
246,1998M08,-0.1005025125627152,0.0639549756970515,-0.23696297178882678,0.280898876404553,0.12254901960793249,0.09233577027236939,0.0
247,1998M09,0.804828973843218,-0.038348459670141125,-0.23753855258596487,0.4201680672269064,0.1223990208078089,0.0,-0.21881838074397766
248,1998M10,0.6986027944114469,-0.051150895140673856,-0.11903930798690476,0.0,0.24449877750604435,0.1845011799590803,0.43859649122806044
249,1998M11,-0.09910802775110138,-0.06397134083922902,0.0,0.1394700139469768,0.0,0.09208070000151361,0.0
250,1998M12,-0.3968253968250078,0.10241966457559903,0.11918118043935039,0.27855153203348415,-0.06097560975607589,0.09199598945045431,-0.32751091703056046
251,1999M01,-0.49800796812795617,-0.2813659035683661,-0.11903930798690476,-0.2777777777778354,0.24405125076272463,0.09191143461676052,0.21905805038334672
252,1999M02,-0.40040040039999436,0.3078106964217026,0.11918118043935039,0.13927576601667074,0.12172854534385864,0.1836678704186992,0.1092896174863364
253,1999M03,0.1005025125627152,0.33243830712185785,0.0,0.5563282336578673,0.3039513677811975,0.18331737502410636,0.4366812227075405
254,1999M04,0.5020080321289709,0.2803619217535339,0.4761955205637285,0.4149377593361152,0.7272727272726747,0.2744591562399076,0.5434782608695706
255,1999M05,0.0,0.012708095056621663,0.0,0.27548209366396925,0.0,0.18248110124902142,0.21621621621621118
256,1999M06,-0.299700299700963,-0.01270648030502615,0.11848783708637382,-0.13736263736271867,0.0,0.0,0.2157497303128321
257,1999M07,-0.400801603206006,-0.26686999618751545,0.4733650635522101,-0.4126547455294835,0.3008423586041522,0.2732230714039859,0.21528525296016723
258,1999M08,0.30181086519084965,0.1656472986747647,-0.11777740512399004,0.2762430939225855,0.2399520095980134,0.09083984886866668,0.2148227712137437
259,1999M09,0.3009027081250408,0.16537336216772627,-0.23585785265944292,0.27548209366396925,0.47875523638539447,0.18148753500569825,0.3215434083601212
260,1999M10,0.1999999999997886,0.06350012700031633,-0.11819505618470927,0.0,0.17867778439542836,0.3623175088957158,0.10683760683760438
261,1999M11,-0.5988023952099348,0.03807589795653175,0.2366825317760462,0.13736263736261314,0.059453032104763597,0.18049119049168813,-0.10672358591248421
262,1999M12,-0.3012048192768124,0.4440497335701005,0.35417917375320584,0.27434842249650476,0.0,0.09010331214639855,0.10683760683760438
263,2000M01,-0.10070493454169328,0.0,0.2353029317136467,-0.6839945280437432,0.29708853238256244,0.18001734432211192,-0.21344717182496842
264,2000M02,-0.3024193548393792,0.1263104711380624,0.11737527838568314,0.27548209366396925,0.5924170616114758,0.3593877283997748,0.6417112299465093
265,2000M03,0.20222446916154116,0.4667591774947031,0.0,0.27472527472520863,0.824499411071774,0.268575568664544,0.7438894792773652
266,2000M04,0.2018163471239177,0.0,0.0,0.41095890410962205,0.05841121495325023,0.08928539080876678,-0.3164556962025244
267,2000M05,0.10070493454169328,0.20090406830738436,-0.11723767034374427,0.272851296043713,0.11675423234089889,0.3568229724495669,0.4232804232804136
268,2000M06,-0.20120724346056645,0.2506265664160331,0.469488530429551,0.13605442176868346,0.5247813411078658,0.2666657048426564,0.6322444678608917
269,2000M07,-0.3024193548393792,-0.1625000000000451,0.4672821113987701,-0.4076086956522064,0.2320185614849801,0.17730432672917032,0.3141361256544431
270,2000M08,0.3033367037418263,0.1878051834231121,-0.23255437072577392,0.0,0.0,0.08849525744420407,-0.10438413361168868
271,2000M09,-0.10080645161280376,0.5123719070231988,0.2330964467005826,0.6821282401091078,0.5208333333333272,0.17683402516255642,0.4179728317659257
272,2000M10,0.0,-0.124331717021017,-0.11627095233231423,0.0,0.17271157167525858,0.35304374885344814,0.2081165452653439
273,2000M11,-0.30272452068684547,0.22407568778788062,0.11640629904478841,0.27100271002715676,0.05747126436792031,0.26385130111523464,0.311526479750789
274,2000M12,0.10121457489868614,-0.04968326915911933,0.8139589966316295,0.0,-0.05743825387718624,0.08773216891463863,0.1035196687370577
275,2001M01,0.0,-0.42251770846278797,-0.34602131747523196,-0.675675675675643,0.6321839080460548,0.43819730719848027,-0.4136504653567813
276,2001M02,-0.3033367037408554,0.27455384999377447,0.5787005010862099,0.2721088435373495,0.3997715591090973,0.3490520176288034,0.5192107995846369
277,2001M03,-0.2028397565920788,0.4480398257622843,0.0,0.27137042062420846,0.22753128555171748,0.08694313529520764,0.30991735537189385
278,2001M04,0.20325203252011104,0.4832114979557113,0.4603040639527898,0.6765899864681674,0.39727582292850716,0.4344163908067934,0.7209062821833
279,2001M05,0.10141987829604635,0.6165228113440108,0.3436431602939231,0.6720430107526557,0.4522328999434674,0.2595146262661701,0.8179959100204486
280,2001M06,-0.30395136778084264,0.06127450980386624,0.11414727384810693,0.1335113484646986,0.16882386043889933,0.25884289110470315,0.1014198782961438
281,2001M07,-0.3048780487801874,-0.2082057562767286,0.11402935082243275,-0.6666666666667367,-0.2808988764045337,0.08605820814755996,-0.303951367781165
282,2001M08,0.4077471967376195,0.0,-0.227786733495562,0.40268456375840433,0.0,0.0,0.0
283,2001M09,-0.20304568527898798,0.1840942562591541,0.0,0.26737967914444066,0.4507042253522318,0.0,0.2032520325203375
284,2001M10,0.0,0.06125199068974106,-0.11415951221766972,-0.1333333333334122,-0.3365114974762002,0.1719684233514041,-0.5070993914807357
285,2001M11,-0.5086469989831812,-0.2693437806072452,-0.22856771785768354,0.0,-0.1688238604390214,0.17167319965665473,-0.9174311926605301
286,2001M12,-0.10224948875245589,0.12275963663148039,0.9163776673085224,0.1335113484646986,-0.3945885005635925,0.08568949393231563,0.20576131687242336
287,2002M01,-0.20470829068557167,0.46591466405100385,0.11351161845204953,-0.266666666666722,0.22637238256926337,0.4280806495194168,0.205338809034903
288,2002M02,-0.5128205128209928,0.1220405174517988,0.34012443677751986,0.26737967914444066,0.39525691699608173,0.34100474429126915,0.614754098360642
289,2002M03,0.20618556701111132,0.4388103364212521,0.22599715977202617,0.2666666666666025,0.5624296962879379,0.25489715883461267,0.7128309572301436
290,2002M04,0.30864197530832305,0.37621359223296075,-0.11274378214056388,0.5319148936170298,0.5592841163310703,0.2542236131083816,0.6066734074822918
291,2002M05,0.3076923076920048,0.12090436464756858,0.11287103721686347,0.264550264550201,0.0,0.25360436296556105,0.20100502512562368
292,2002M06,-0.10224948875245589,-0.01207583625161377,0.0,0.0,0.05561735261399579,0.08431672219567006,0.2006018054163605
293,2002M07,-0.40941658137114334,0.0,0.11273169554288391,-0.26385224274400015,0.11117287381888648,0.16849137798420805,0.6006006006005866
294,2002M08,0.30832476875611925,0.229468599033775,-0.11260475429410625,0.264550264550201,0.33314825097159806,0.1682079620710521,0.39800995024876346
295,2002M09,0.0,0.18074466803234074,0.0,0.2638522427441184,0.16602102933045998,0.16792549801303,0.0
296,2002M10,-0.20491803278668372,0.1563627616068743,-0.11274378214056388,0.13157894736838105,0.16574585635354921,0.25146597153452904,0.29732408325073645
297,2002M11,0.0,0.0,-0.33860101141061016,0.0,0.0,0.3344469417945985,0.29644268774702875
298,2002M12,0.0,0.16812777711060103,0.9060118625851608,0.2628120893561652,-0.22062879205731914,0.08333303067604055,-0.3940886699507299
299,2003M01,-0.3080082135520438,0.19182352235943048,0.0,-0.5242463958060204,0.4422332780540673,0.41631822278791353,0.8902077151335106
300,2003M02,-0.30895983522210463,0.69402895775997,0.561164094834947,0.26350461133063496,0.7705008255366319,0.16583687996389845,0.7843137254901943
301,2003M03,0.3099173553725885,0.4040404040404105,0.11161130930788489,0.39421813403419725,0.6007646095029763,0.3311246331671136,0.29182879377431237
302,2003M04,0.30895983522110165,-0.14202864244290145,-0.3344486801808285,0.5235602094240754,-0.21715526601515733,0.2475238623939862,-0.6789524733268677
303,2003M05,0.20533880903470525,-0.11852554225434456,-0.22372198993125303,0.0,-0.163220892274153,0.2469126945556809,0.09765624999999778
304,2003M06,-0.30737704918002556,0.18986590720303897,0.3363234223909725,-0.13020833333331042,0.10899182561304016,0.08211385113218543,0.0
305,2003M07,-0.2055498458373988,-0.10659718109672135,0.22347203868397073,-0.13037809647975174,0.10887316276535644,0.1640683021223687,0.09756097560977002
306,2003M08,0.20597322348072972,0.2371354043157619,0.0,0.2610966057440625,0.3806416530723381,0.24568703009789267,0.2923976608187068
307,2003M09,0.10277492291870644,0.37851904423941574,-0.11148687734437435,0.2604166666667209,0.3250270855905012,0.16339811100093324,0.1943634596695777
308,2003M10,0.0,0.2121140702334418,0.0,0.12987012987010696,-0.10799136069112295,0.08156577855909408,-0.2909796314257936
309,2003M11,-0.5133470225877349,0.11759172154279213,-0.22321065342385638,0.0,-0.27027027027030787,0.24451015722110123,0.29182879377431237
310,2003M12,0.10319917440648937,0.10570824524308409,0.7829909888821146,0.25940337224377685,-0.1084010840108183,0.08128829670903322,0.09699321047526452
311,2004M01,-0.2061855670100932,0.0,0.0,-0.3880983182405362,0.48833423765598977,0.16246896175031325,0.09689922480619935
312,2004M02,0.0,0.42238648363251824,0.2219719773913976,0.25974025974019727,0.5399568034556984,0.24332033097802752,0.1936108422071592
313,2004M03,0.20661157024771687,0.3972426685360502,0.33222646582771564,0.12953367875645388,0.6444683136411995,0.323623414985847,0.38647342995168205
314,2004M04,0.0,0.25602234376818095,0.3311263763700779,0.3880983182406356,0.3201707577374949,0.2419346042111244,0.19249278152068863
315,2004M05,0.10309278350605768,0.3714451538015111,0.22003022820945448,0.38659793814436094,0.5851063829786799,0.2413506933662558,0.8645533141210339
316,2004M06,0.20597322348072972,0.03469411356534218,0.0,0.0,0.3172924378635989,0.1605130628542202,0.0952380952380931
317,2004M07,-0.3083247687571061,-0.1618497109826561,0.21953538991682028,-0.2567394094992965,-0.15814443858720306,0.08012791565542657,-0.09514747859181517
318,2004M08,0.10309278350605768,0.22000926354799286,0.10953311509691765,0.2574002574001954,0.052798310454046656,0.2401912866946812,-0.1904761904761862
319,2004M09,0.30895983522110165,0.09243212016175674,-0.21882654266501098,0.0,0.2110817941952082,0.0,0.19083969465648426
320,2004M10,0.5133470225867631,0.2539535957520465,0.10965322168645054,0.2567394094994116,0.5265929436545308,0.0,0.1904761904761862
321,2004M11,-0.2042900919303411,0.05757052389171544,-0.21905448779291378,0.2560819462227297,0.05238344683089647,0.07987191684677314,0.38022813688212076
322,2004M12,-0.5117707267139151,0.11507479861910701,1.0976887177638264,0.383141762452138,-0.366492146596874,0.239424517588736,-0.18939393939393515
323,2005M01,-0.20576131687322674,-0.5517241379310379,-0.760036909393519,-0.3816793893130076,0.21019442984755043,0.0,-0.09487666034155384
324,2005M02,-0.30927835051514685,0.6125751271382942,0.4376296262237312,0.2554278416347914,0.576822233875284,0.318482159758188,0.3798670465337047
325,2005M03,0.3102378490172611,0.6318207926478587,0.43573445272004757,0.3821656050954576,0.7820646506776882,0.31744721627477407,0.567644276253535
326,2005M04,0.10309278350605768,0.19406392694068847,-0.2169278362623252,0.3807106598984915,0.6725297465080681,0.1582272837197832,0.28222013170272187
327,2005M05,0.10298661174037192,0.0683604876381417,0.21739943615522325,0.37926675094819734,-0.10277492291877122,0.3159546409933203,0.09380863039400969
328,2005M06,-0.4115226337454374,0.11385631333257877,0.10845229035264282,0.0,0.051440329218088665,0.0,0.18744142455482243
329,2005M07,-0.10330578512386553,-0.14784487660644777,0.4333740406730035,0.12594458438284936,0.4627249357326423,0.3937112232135398,0.1870907390084149
330,2005M08,0.10341261633909175,0.38724373576310417,0.10787889483810303,0.25157232704407756,0.5117707267144082,0.15686217192344018,0.3734827264238946
331,2005M09,0.3099173553725885,0.38574994327207335,0.10775108909240731,0.250941028858158,1.221995926680267,0.0,0.8372093023256706
332,2005M10,0.0,-0.022603978300184773,0.1076466512521026,0.12515644555702035,0.20120724346070853,0.23492474982019884,-0.4612546125461148
333,2005M11,-0.4119464469624766,-0.2034817996834778,-0.32258116576964835,0.0,-0.8032128514056325,0.0781129746320236,-0.18535681186293904
334,2005M12,0.10341261633909175,0.12460353420938616,0.7551175686818089,0.37499999999991773,-0.4048582995950448,0.0,-0.09285051067780667
335,2006M01,0.10330578512386553,-0.10182147301735782,-0.32118820582041163,-0.37359900373590843,0.7621951219511367,0.23420294507003783,0.5576208178439614
336,2006M02,-0.3095975232195106,0.38505096262741273,0.42963854167482424,0.24999999999993985,0.20171457387801595,0.23364401206165214,-0.1848428835489791
337,2006M03,0.2070393374739164,0.2820397111913849,0.0,0.24937655860355917,0.5535983895319321,0.23309938929640886,0.5555555555555427
338,2006M04,0.20661157024771687,0.4274946563167946,0.32085614229175374,0.6218905472636355,0.8508508508508426,0.31007639953487187,0.5524861878453063
339,2006M05,0.3092783505161509,0.4256749187857049,0.0,0.4944375772558635,0.49627791563273155,0.3091178978867867,0.4578754578754473
340,2006M06,0.0,0.0,0.21321615569265856,0.24600246002466716,0.19753086419759835,0.0770529041418757,-0.1823154056517734
341,2006M07,-0.3083247687571061,-0.16731734523149974,0.42553642840914796,0.0,0.2957121734844919,0.30791646700014674,0.09132420091323991
342,2006M08,0.7216494845363655,0.33519553072625524,-0.2118609660564252,0.36809815950910596,0.19656019656015697,0.15349139286748015,0.18248175182481333
343,2006M09,0.0,-0.22271714922048386,-0.3184718450084521,0.12224938875314434,-0.4904364884747199,-0.0766280789280658,-0.5464480874316815
344,2006M10,-0.20470829068557167,-0.22321428571429455,0.10648883134580256,0.12210012210008489,-0.5421389847215126,-0.07668684258232722,-0.18315018315017892
345,2006M11,-0.5128205128209928,0.11185682326622368,0.0,0.24390243902433162,-0.1486620416254415,0.07674569643374007,0.18348623853210586
346,2006M12,0.10309278350605768,0.23463687150843582,0.7446858984360168,0.4866180048661724,0.14888337468989635,0.07668684258232722,0.18315018315017892
347,2007M01,-0.20597322348173275,-0.34555790881736026,0.0,-0.6053268765132729,0.30525272547071386,0.0766280789280658,0.0
348,2007M02,-0.5159958720326168,0.19015659955262093,0.42237962180780064,0.36540803897687113,0.5350367559876651,0.30628912832977473,0.7312614259597638
349,2007M03,0.3112033195018678,0.4242491905772159,0.2103128132540711,0.48543689320389116,0.9105695851084958,0.15267119525439093,0.816696914700541
350,2007M04,0.3102378490172611,0.48916064480266336,0.5246560677996632,0.3623188405797236,0.6496162686509668,0.15243846562689092,0.4500450045004398
351,2007M05,0.3092783505161509,0.24338975550393993,0.0,0.24067388688321528,0.6110718674704484,0.3044128889167315,0.4480286738351153
352,2007M06,-0.2055498458373988,0.12139940403923606,0.0,0.24009603841541619,0.19379751766056766,0.2276167718965631,-0.17841213202497366
353,2007M07,-0.10298661174137493,-0.25352733686062534,0.5219289852492968,-0.47904191616765684,-0.025437720780198472,0.22709985453866532,0.08936550491510076
354,2007M08,0.5154639175262581,0.4088849596640033,-0.10384603267068325,0.3610108303248306,-0.18339022270874505,0.15105685313205833,-0.2678571428571368
355,2007M09,0.0,0.11005943209333474,0.20789682522431746,0.11990407673868018,0.27559074053590643,0.0,0.1790510295434158
356,2007M10,0.3076923076920048,0.25285839929643805,0.2074655110134703,0.35928143712577715,0.21391913281214986,0.3016580311350489,-0.2680965147453023
357,2007M11,-0.20449897750491178,0.5483057352779976,0.5176066041093716,0.35799522673023176,0.5939617873415614,0.3759384902707927,0.2688172043010692
358,2007M12,0.20491803278668372,0.3708147017122971,0.6179206483276287,0.4756242568370912,-0.06708631296480909,0.2996243888128391,0.08936550491510076
359,2008M01,-0.20449897750491178,-0.11952624144305772,-0.3070629189841052,-0.4733727810650813,0.4970576472605276,0.4480939843573284,-0.17857142857142452
360,2008M02,-0.20491803278668372,0.21758050478676508,0.41067092798753085,0.5945303210464363,0.2904112184952697,0.22304752961629973,0.35778175313058225
361,2008M03,0.5133470225867631,0.7490230134607608,0.5112446304131794,0.3546099290779365,0.86682129309902,0.5192971299576793,0.356506238859172
362,2008M04,-0.10214504596517054,0.3340157310634194,-0.20345550442837962,0.8244994110718702,0.6064778389719594,0.22140140367291491,0.7992895204262844
363,2008M05,0.8179959100206149,0.5369415807560061,0.6116217977173577,0.5841121495327721,0.8420886031756314,0.5154620350557821,0.9691629955946919
364,2008M06,0.4056795131851592,0.3631702627643723,0.20263095466719938,0.5807200929151867,1.0076996934889921,0.43955884252146005,0.6980802792321106
365,2008M07,0.20202020202000226,-0.21285653469560922,0.6066744158592924,0.0,0.5251011128127526,0.5105743747962994,0.3466204506065781
366,2008M08,0.30241935483841126,-0.03199658703076536,-0.301508035814592,0.5773672055426974,-0.3991562255645834,0.14513735863759056,-0.1727115716752984
367,2008M09,0.0,-0.06401365624657661,-0.10079941381367094,0.45924225028701915,-0.1383018540660342,-0.28985403079087135,0.08650519031141676
368,2008M10,-0.1005025125627152,-0.053378883313813456,-0.20182387945604854,-0.22857142857137372,-1.0101333284580596,0.0,-1.0371650821088936
369,2008M11,-0.8048289738432317,-0.46998504593035234,-0.5055583998650945,0.0,-1.9152895328595616,-0.3633707833507326,-0.34934497816593113
370,2008M12,-0.4056795131841715,-0.24683408456746006,0.4065083610895941,-0.2290950744559468,-1.034247381428739,-0.145878392798833,-0.7011393514460842
371,2009M01,-0.6109979633404969,-0.4088219472835857,-0.5060809139166701,-0.5740528128587554,0.4352417375420593,-0.14609150874402163,-0.264783759929385
372,2009M02,-0.30737704918002556,0.37809225451015194,0.6103774195037046,0.6928406466513107,0.49729330359047885,0.21945787243276746,0.7079646017698955
373,2009M03,0.30832476875611925,0.18295307791644674,-0.2022211919354412,0.11467889908254854,0.24317484554151436,0.07299243649607984,0.17574692442881856
374,2009M04,0.10245901639334186,0.16113438607803163,0.10132090834282907,0.2290950744558441,0.24963682777883628,0.21881758919841612,-0.08771929824561207
375,2009M05,-0.20470829068557167,0.1501501501501474,-0.10121835298817179,0.4571428571428499,0.28887638341778604,0.21833982326099774,0.7023705004389659
376,2009M06,-0.2051282051280032,0.12850717498394457,0.30395186300992766,0.22753128555181076,0.8589892263952776,0.07262137969478422,0.348735832606807
377,2009M07,-0.3083247687571061,-0.4491978609625731,0.0,-0.11350737797963587,-0.158558692215269,0.0,-0.3475238922676
378,2009M08,0.3092783505161509,0.5156854318865522,0.20201692047383826,0.34090909090910376,0.2242850044810369,0.2902747172750658,0.0
379,2009M09,0.0,-0.24583155194531853,-0.3024198559822918,0.0,0.06254806934954965,-0.2170650469814759,0.0
380,2009M10,-0.4110996916757985,0.09643201542916814,0.0,0.11325028312578941,0.09631011858186295,0.0725051493586729,-0.08718395815169815
381,2009M11,-0.2063983488130071,0.13915649753795262,-0.10110517594114281,0.22624434389134826,0.07077533687669064,0.0,0.5235602094240865
382,2009M12,-0.2068252326781835,0.26723677177984356,0.809714270832894,0.3386004514672957,-0.1761198169463314,0.21739052309308154,-0.3472222222222288
383,2010M01,0.1036269430050793,-0.22388059701487825,-0.6024106111929131,-0.11248593925757297,0.3417473570148776,0.14461264121817521,0.2613240418118553
384,2010M02,0.0,0.555614916123427,0.40404467005077394,0.22522522522517105,0.024920738207668006,0.07220190752362216,0.4344048653344821
385,2010M03,0.2070393374739164,0.48878971416427536,0.5030153091897376,0.44943820224718384,0.41062835365707945,0.28861009900047185,0.0
386,2010M04,0.10330578512386553,0.25378026858401953,0.1000931068720418,0.5592841163311697,0.17368849106980633,0.3597000960310417,0.3460207612457673
387,2010M05,-0.10319917440650354,0.11602151671739644,-0.099993020750917,0.22246941045600874,0.07751973542375593,0.07168433296565435,0.25862068965506657
388,2010M06,-0.20661157024773105,-0.010535187525588295,0.0,0.11098779134252054,-0.09762670846736468,0.0,-0.08598452278579703
389,2010M07,-0.517598343685288,-0.28448003371649844,0.2001969452879491,-0.2217294900217089,0.021104305737134767,0.3581756820982102,0.5163511187610588
390,2010M08,0.10405827263267184,0.23245984784456053,0.0999038339910218,0.44444444444413833,0.1380664278408037,0.21413198133382905,-0.08561643835677148
391,2010M09,0.2079002079003028,-0.07379295804318979,-0.09980412584282361,0.0,0.058173623071264245,-0.21367443603035335,0.1713796058271159
392,2010M10,0.3112033195018678,0.12659563245068783,0.0999038339910218,0.22123893805324316,0.12451988884789825,0.21413198133382905,0.4277159965782626
393,2010M11,-0.31023784901737456,0.1158992729952197,0.09979342643038741,0.3311258278147802,0.0420646423820766,0.0,0.08517887563844495
394,2010M12,-0.20746887966814428,0.45253630814540596,0.5982063855857601,0.8800880088004849,0.17184407892018486,0.3561240600492592,0.0
395,2011M01,-0.10395010395010149,-0.240963855421447,-0.1982128437251104,0.10905125408948696,0.47632300539727274,0.40992926259082213,0.2553191489369544
396,2011M02,0.0,0.47258979206074286,0.5958301682809152,0.5446623093685575,0.49313650254488817,0.2964429501613607,0.2546689303902891
397,2011M03,0.20811654526534368,0.8153026026962902,0.5923010598790938,0.32502708559068577,0.9751072030517844,0.3940960785266725,1.1007620660455155
398,2011M04,0.20768431983394733,0.3421461897358557,0.0,0.7559395248375315,0.6439429535453055,0.490670498266504,0.33500837520976107
399,2011M05,-0.1036269430051788,0.05166356685290087,0.0,0.21436227224022672,0.4704187527238256,0.09766333413128174,0.6677796327209915
400,2011M06,-0.10373443983412195,0.08261902303005285,0.09812857125876621,0.0,-0.10709670567075591,0.09755755811992159,-0.6633499170810526
401,2011M07,0.0,-0.44371065937540594,0.19608576818373066,0.0,0.08860456667934918,0.29239790590841425,0.16694490818048965
402,2011M08,0.10384215991702352,0.5182421227202314,0.09785101218343052,0.4278074866313105,0.2757588902364165,0.29154543316704834,0.24999999999980005
403,2011M09,0.0,-0.07217983089273028,0.19550023537515346,0.6389776357822105,0.15184621156986963,0.0,0.2493765586032923
404,2011M10,0.10373443983402234,0.23733360850249716,0.0,0.0,-0.20626826333582804,0.5813958333334035,0.16583747927051706
405,2011M11,-0.6217616580311722,0.2779493514512703,0.19511877770646238,0.21164021164035104,-0.08435613304377816,-0.09633574134678985,0.08278145695324295
406,2011M12,0.10427528675703611,0.40036957191228695,0.194749244688667,0.3167898627246078,-0.2466516377138785,0.38572491279719556,-0.578990901571726
407,2012M01,0.20833333333332837,-0.34764826175820246,-0.09718535459981809,-0.31578947368442417,0.44001914282634513,0.28818467611781334,0.41597337770381876
408,2012M02,0.2079002079003028,0.4104247896572971,0.680927988472649,0.5279831045410085,0.44029735512740203,0.38313864575507944,0.4142502071251091
409,2012M03,0.4149377593357905,0.8277130594729555,0.5797111056952347,0.21008403361358272,0.7594558623936739,0.47710306367866934,0.41254125412540443
410,2012M04,0.10330578512386553,0.13175230566463497,-0.19211984241161426,0.5241090146744479,0.30210295040813595,0.4748273900198145,0.4108463434675351
411,2012M05,-0.3095975232195106,-0.050607287448679664,0.0,0.0,-0.11734793663222148,0.0,-0.08183306055608398
412,2012M06,-0.517598343685288,0.03037974683520287,-0.19248965322908748,-0.31282586027131504,-0.14663968844518183,0.18903947018085646,-0.40950040950039995
413,2012M07,-0.3121748178980012,-0.43531079165799225,0.38572178097777915,0.10460251046031342,-0.1629785861823442,0.09434646337648314,-0.08223684210488012
414,2012M08,0.20876826722336272,0.6609049313668426,0.3842499833935516,0.41797283176622435,0.5565158181429806,0.3769997430543835,0.24691358024671617
415,2012M09,0.10416666666666419,-0.24242424242424468,0.09569735342584404,0.31217481789822127,0.446221226761259,0.0,0.16420361247966064
416,2012M10,0.0,0.1822600243018187,0.0,0.4149377593363846,-0.038892514055358235,0.0,0.16393442622874402
417,2012M11,-0.3121748178980012,-0.15160703456615798,0.09559561180579837,0.20661157024712934,-0.47380866948837624,-0.18779694350794904,-0.2454991816692
418,2012M12,0.0,0.31379694301017985,0.2865334207251563,0.30927835051567465,-0.2693064490205563,0.1881502839904847,-0.5742411812963222
419,2013M01,0.1043841336116742,-0.5045408678107737,-0.47618785068545644,-0.3083247687566329,0.29573041929304067,0.18778684961048675,0.08250825082565444
420,2013M02,-0.20855057351405792,0.2839756592292184,0.574163602257869,0.5154639175261201,0.8190029529265384,0.09372751076303211,1.1541632316564463
421,2013M03,0.20898641588294828,0.7584951456317879,0.47573475303679635,0.3076923076925163,0.26145085843773186,0.18725935803513666,0.16299918500426064
422,2013M04,0.3128258602711083,-0.15055706112688144,-0.4734822335025698,0.20449897750524632,-0.10396394770858249,0.0,-0.16273393002459516
423,2013M05,0.10395010395010149,0.06031363088106328,0.3805837221972063,0.20408163265319457,0.17804077735832116,0.0,0.24449877750687657
424,2013M06,0.0,0.16073940124573105,0.09479027448467524,-0.2036659877801735,0.23997080856004682,0.2803841226312852,0.0
425,2013M07,0.20768431983394733,-0.3009027081248571,0.4734822335025698,0.0,0.03939975332339644,0.09318335832035406,0.0813008130077511
426,2013M08,0.3108808290152379,0.4627766599602469,0.0,0.4081632653054743,0.12029315570436419,0.3724765149018094,0.0
427,2013M09,0.3099173553725885,-0.230322451431775,0.0,0.30487804878069547,0.11630044852655914,-0.27832319994919225,0.1624695369620041
428,2013M10,0.10298661174037192,-0.13048278630958296,-0.18849835671406584,0.10131712259377848,-0.25752832598053027,-0.18604000000028062,-0.243309002432896
429,2013M11,0.10288065843609827,-0.04020100502511905,0.18885434404918167,0.0,-0.2042424190517944,-0.279600168152934,0.0
430,2013M12,0.10277492291870644,0.3418459682279512,0.3770068178708764,0.4048582995954077,-0.008581149788171956,0.18691939951136344,-0.24390243902515066
431,2014M01,-0.20533880903469115,-0.5611222444889832,-0.5633811890914654,-0.5040322580648394,0.3720247673235334,0.18656063476371576,0.32599837000853477
432,2014M02,0.0,0.5542120112864941,0.47215104541014397,0.40526849037513984,0.3697908650967057,-0.09309660777474722,0.8123476848090795
433,2014M03,0.30864197530832305,0.4509469886755145,0.2819452468823068,0.20181634712424923,0.6440044126226914,0.09318335832035406,0.564061240934917
434,2014M04,2.0512820512819876,-0.039904229848371005,-0.1874383829602033,0.3021148036246659,0.3296754453157406,0.1862032248602928,0.3205128205122423
435,2014M05,0.402010050250847,0.019960079840793055,-0.09389015385526094,0.0,0.34926098400501,-0.0929135903614232,0.47923322683761993
436,2014M06,-0.10010010010000202,-0.03991219317500843,0.2819452468823068,0.20080321285153832,0.18621269440930996,0.09300000000045976,0.07949125596147386
437,2014M07,0.10020040080150494,-0.3194250349371146,0.2811625982503719,-0.2004008016033386,-0.0390193964162509,-0.0929135903614232,-0.15885623510740868
438,2014M08,0.10010010010097692,0.4406168636090479,0.0,0.3012048192773139,-0.16705141657910103,0.18600000000000763,0.0
439,2014M09,0.29999999999968974,-0.37886340977115596,0.0,0.10010010010017244,0.07525688243112305,-0.3713492903202925,0.07955449482950933
440,2014M10,-0.2991026919239189,0.030024019216078095,-0.2803742906100666,0.10000000000005939,-0.25122778125522993,0.09318335832035406,0.07949125596147386
441,2014M11,-0.40000000000056485,-0.17008504252149162,0.0,-0.19980019980033117,-0.5399417941066287,-0.1862132341720304,-0.39714058776806155
442,2014M12,0.10040160642560414,0.08017638805371853,0.0,0.0,-0.5670100910011758,0.0,-0.7177033492817403
443,2015M01,-0.10030090270802591,-1.0014019627478583,-1.0309261777122378,-0.7007007007002714,-0.4705892373469565,-0.37313129751167695,-0.16064257028130632
444,2015M02,-0.20080321285120828,0.6676107626942497,0.7106598984772186,0.302419354838914,0.43430449237678703,0.37452878161406816,0.884955752212008
445,2015M03,0.30181086519084965,0.6531350482317488,0.5040322580648207,0.10050251256197223,0.5951721611103901,0.09329034536656049,0.7177033492826511
446,2015M04,0.5015045135410788,0.10981331736025109,0.5015045135409233,0.3012048192773139,0.20328732545835107,0.18638675391726883,-0.07917656373768225
447,2015M05,0.19960079840299674,0.23932987634623276,0.19960079840295056,0.20020020020033208,0.5097232025495898,0.09300000000045976,0.554675118859127
448,2015M06,-0.19920318725079994,-0.07958615200955106,0.0,0.0,0.3502869998531743,0.185927087808129,0.23640661938515525
449,2015M07,-0.09980039920149837,-0.4082039028268539,0.19920318725074074,-0.09990009990015919,0.006704715929303293,-0.09284088110109015,0.07861635220181587
450,2015M08,0.09990009990000126,0.31990402879136326,0.0,0.300000000000191,-0.14162762828209668,0.18575449663603516,0.0
451,2015M09,0.09980039920149837,-0.3986048829098165,-0.19880715705739982,-0.0997008973081348,-0.15567565753002302,-0.37072054883756206,-0.15710919088784508
452,2015M10,-0.09970089730797754,0.06003001500702918,0.0,0.09980039920165595,-0.044968375044474436,0.18600000000000763,0.07867820613652066
453,2015M11,-0.29940119760545336,-0.18998100189957412,-0.6972111553785432,0.0,-0.21106803790863854,-0.3713492903202925,-0.07861635220087902
454,2015M12,-0.10010010010000202,0.2203967140848793,0.0,0.09970089730814756,-0.3417096437113194,0.0,-0.4720692368210381
455,2016M01,-0.3006012024045011,-0.9596161535385934,-0.7021063189569285,-0.49800796812782283,0.16531022090646277,-0.21435879309822325,0.237154150197439
456,2016M02,0.1005025125627152,0.252321356479861,0.30303030302992845,0.20020020020033208,0.08230765334526864,-0.20080321285178762,0.23659305993673302
457,2016M03,0.10040160642560414,0.6946541830265196,0.704934541792609,0.29970029970050316,0.4306000143391042,0.2012072434611481,0.629425649095004
458,2016M04,0.20060180541603803,0.06998600279919652,0.10000000000080007,0.19920318725112654,0.47410679791102917,-0.10040160642589381,0.3127443315093472
459,2016M05,0.10010010010097692,0.4096313318016253,0.49950049949987085,0.19880715705778412,0.4045790998109855,0.30150753768807337,0.38971161340607
460,2016M06,-0.10000000000087506,0.12935323383108238,0.09940357852869991,0.1984126984119386,0.3284366167285893,0.10020040080179439,0.23291925465821237
461,2016M07,-0.3003003002999924,-0.3776209877774838,0.3972194637541641,-0.09900990098927048,-0.1618136404754508,0.2002002002005818,-0.1549186676996466
462,2016M08,0.10040160642560414,0.32917705735685404,-0.09891196834805643,0.2973240832500424,0.09184301078837277,0.19980019979965571,-0.15515903801414085
463,2016M09,0.10030090270801213,-0.2386160270431508,0.0,0.29644268774723725,0.24039958646377402,-0.1994017946156096,0.07770007770061635
464,2016M10,0.6012024048099918,0.029898345624639132,0.19801980197995706,0.09852216748774316,0.12467485130097948,-0.09990009990028995,0.23291925465821237
465,2016M11,0.0,-0.019926272790208633,-0.6916996047431401,0.19685039370092922,-0.15554608673338005,-0.10000000000019041,-0.38729666924864853
466,2016M12,-0.2988047808761999,0.29895366218188957,0.6965174129353813,0.3929273084481945,0.03273213923134403,0.4004004004002376,-0.15552099533454683
467,2017M01,-0.09990009989998755,-0.2384500745156499,-0.5928853754942548,-0.3913894324855782,0.5827727890256158,0.2991026919247847,0.8566978193151782
468,2017M02,-0.2000000000007762,0.1195100089632582,0.596421471173148,0.5893909626714112,0.3146117386419039,0.39761431411514486,0.1544401544394347
469,2017M03,0.10020040080150494,0.6366258828210527,0.1976284584977706,0.2929687500001871,0.08127978719464815,0.0,0.15420200462623587
470,2017M04,0.4004004004009693,0.08895917762205308,0.3944773175546644,0.4868549172349907,0.29655333653305904,0.3960396039602209,0.38491147036180884
471,2017M05,0.09970089730797754,0.049377839225989976,0.0,0.29069767441880123,0.08547218268907542,-0.19723865877657082,0.07668711656494867
472,2017M06,-0.19920318725079994,0.009870693909079393,0.2946954813355879,0.0,0.09071110148608302,-0.0988142292491996,-0.07662835249095214
473,2017M07,-0.09980039920149837,-0.34544018949838723,0.39177277179278114,0.0,-0.06899226388483956,0.09891196834835823,0.0
474,2017M08,0.19980019980000252,0.5150044567693476,0.09756097560963092,0.48309178743905656,0.29944522971076376,0.2964426877466716,0.07668711656494867
475,2017M09,0.19940179461595509,-0.15765100009853295,0.09746588693945914,0.28846153846173456,0.5294905893233292,-0.2955665024626924,0.22988505747108087
476,2017M10,0.09950248756209121,0.09868745682470653,-0.19474196689362916,0.09587727708539985,-0.06320421037278666,-0.1976284584983992,0.07645259938802307
477,2017M11,0.2982107355871426,0.09859016070148774,-0.3902439024394418,0.2873563218392628,0.0024324685901024722,-0.19801980198057498,0.3055767761653719
478,2017M12,0.2973240832504493,0.3151777799665145,0.489715964740746,0.2865329512895918,-0.05878322772578699,0.39682539682615375,-0.3808073115003842
479,2018M01,0.09881422924890088,-0.09818360333777074,-0.5847953216375945,-0.4761904761907928,0.5447745452777838,0.2964426877466716,0.6880733944948776
480,2018M02,0.0,-0.029484029484735604,0.29411764705936966,0.3827751196174757,0.45346899748607095,0.0,0.6074411541388852
481,2018M03,-0.29615004935803635,1.0125835627219042,0.5865102639288777,0.190657769303369,0.22611259041514029,0.2955665024627054,0.3018867924522978
482,2018M04,-0.09900990099000119,0.16545012165380893,0.1943634596702482,0.3805899143675205,0.3975091563344931,0.0982318271121716,0.3009781790823716
483,2018M05,0.09910802775014976,0.4275165176836481,0.7759456838020625,0.37914691943154105,0.4158916925441426,0.29440628066786884,0.07501875468832273
484,2018M06,-0.09900990099000119,0.009674922600842286,0.0962463907602229,0.0,0.1593875701543827,0.19569471624212806,0.14992503748143002
485,2018M07,0.09910802775014976,-0.08706587984930937,0.38461538461490397,0.0,0.006746326228324328,0.2929687500005581,0.5239520958085452
486,2018M08,0.5940594059399935,0.48412083656126925,0.0957854406137931,0.5665722379598644,0.055554232835106174,0.38948393378755747,-0.07446016381287623
487,2018M09,0.09842519685029703,-0.21198689535602439,0.19138755980837907,0.0938967136150794,0.11620251758914077,-0.4849660523763456,-0.37257824143069357
488,2018M10,0.2949852507381179,0.10621861722742312,0.19102196752602035,0.09380863039406408,0.17667634557260234,0.0,0.2991772625283889
489,2018M11,-0.19607843137329672,-0.21221182598676727,-0.6673021925644019,0.18744142455495003,-0.3349348518101242,-0.19493177387951294,-0.4474272930645215
490,2018M12,-0.29469548133566403,0.019333011116940156,0.0,0.18709073900854203,-0.31939628151320937,-0.09765625000018603,-0.0749063670417173
491,2019M01,0.0,-0.44457330627280245,-0.767754318617975,-0.6535947712422647,0.19065966652513222,0.09775171065512286,0.14992503748143002
492,2019M02,0.0,0.04853897679859971,0.386847195358261,0.3759398496243084,0.4227053140094438,0.09765625000018603,0.6736526946111104
493,2019M03,0.0,0.8053561032406039,0.38535645472012126,0.18726591760313144,0.5641358356806011,0.2926829268289099,0.6691449814121179
494,2019M04,0.2955665024627636,0.3176436615653409,0.9596928982722526,0.56074766355177,0.5295001612894119,0.19455252918325033,0.4431314623343302
495,2019M05,0.0,0.1055459604680131,0.19011406844171633,0.278810408921276,0.21287585893793662,0.0,0.4411764705878834
496,2019M06,-0.19646365422377599,0.2396242691462145,0.2846299810243025,0.0,0.019914718148417783,0.09708737864096145,-0.21961932650055768
497,2019M07,0.0,-0.19124115509658401,0.47303689687825373,0.09267840593148503,0.16709416224547927,0.0,0.5135730007338458
498,2019M08,0.19685039370059407,0.45985821038513325,-0.18832391713724728,0.27777777777796664,-0.005066823608774428,0.38797284190090725,-0.14598540146003156
499,2019M09,0.09823182711283121,-0.34331489605187376,0.0,0.09233610341649057,0.07834485769301718,-0.5797101449277454,-0.4385964912285681
500,2019M10,0.29440628066702984,-0.03827751196172909,0.09433962264138815,-0.09225092250927973,0.2286190552232837,-0.09718172983497618,0.29368575624115717
501,2019M11,0.09784735812123427,0.05743825387662818,-0.7540056550423438,0.18467220683299296,-0.05362430346709346,-0.1945525291823376,-0.14641288433398783
502,2019M12,0.0,0.44010715652553123,0.4748338081665565,0.0,-0.09097695250494305,0.19493177387859842,0.0
